{
    "P@1": 0.9768925061278885,
    "MAP": 0.9860711399627059
}