{
    "P@1": 0.3333333333333333,
    "MAP": 0.5000000049670538
}