{
    "P@1": 0.6666666666666666,
    "MAP": 0.7083333333333334
}