{
    "P@1": 0.8011869436201781,
    "MAP": 0.8736284370753233
}