{
    "P@1": 0.8896551724137931,
    "MAP": 0.9319768691339112
}