{
    "P@1": 0.3333333333333333,
    "MAP": 0.35558027401566505
}