{
    "P@1": 0.9554588869450092,
    "MAP": 0.9729306791487656
}