{
    "P@1": 0.9742785445420327,
    "MAP": 0.9849717031987474
}