{
    "P@1": 0.3333333333333333,
    "MAP": 0.361629880964756
}